﻿{"cameraMode":{"drawMode":0,"name":"Shaded","section":"Shading Mode"},"sceneLighting":true,"audioPlay":false,"sceneViewState":{"showFog":true,"showMaterialUpdate":true,"showSkybox":true,"showFlares":true,"showImageEffects":true,"showParticleSystems":true},"in2DMode":false,"pivot":{"x":2.358553409576416,"y":-0.7843847870826721,"z":1.0425113439559937},"rotation":{"x":-0.27950018644332888,"y":-0.5870334506034851,"z":0.2262178659439087,"w":-0.7253397703170776},"size":23.07859992980957,"orthographic":false}